Feature,VIF Score
year,47.13265324412828
month,1.9088477006118112
floor_area_sqm,1.0900843169259162
lease_commence_date,2367.206633301803
remaining_lease,2333.1423262111653
score,1.1301290510215618
storey_range_numeric,1.090389795527273
