Feature,VIF Score
year,42329859.17101599
month,9.073543165481038
floor_area_sqm,18.97288899672541
lease_commence_date,45695403.56639277
remaining_lease,65694.06940466959
score,72.41891059814772
storey_range_numeric,3.4469893773097797



